quizzes,solutions,empty_cells,difficulty
021000760703000500004036008500020407007890010300107605000902004085010900000560230,821459763763281549954736128518623497647895312392147685136972854285314976479568231,46,Easy
019300200070900030006502010800003007002000946590240000640705801028001050700400300,419368275275914638386572419864193527132857946597246183643725891928631754751489362,46,Easy
080002000094058210500310080078090004600081000000275038700000563023006070050000409,187962345394758216562314987278693154635481792419275638741829563923546871856137429,46,Easy
072063400800000067030450900000000500001090243045100008010032079060001805003678020,972863451854219367136457982729384516681795243345126798418532679267941835593678124,45,Easy
900007601200640075000098400006075804000020300803009020607500103012000060040001059,934257681281643975765198432126375894459826317873419526697582143512934768348761259,46,Easy
700900130068405209000070040030098004000503800602007900050006001304000027920010305,745982136168435279293671548531298764479563812682147953857326491314859627926714385,46,Easy
003016290809504063400300007008720406740903000350060080000000915010000000600050072,573816294829574163461392857198725436746983521352461789237648915915237648684159372,46,Easy
100070000594003806000604200700200109460030000032805004000002400208507010057090608,126978345594123876873654291785246139461739582932815764619382457248567913357491628,46,Easy
040703009015000640900400082000390060701020800600000753580900000060034025204670000,842763519315289647976451382458397261731526894629148753583912476167834925294675138,46,Easy
908007142200600007000100980300920705001038400005700030050406000609000021870005090,968357142214689357537142986386924715721538469495761238152496873649873521873215694,46,Easy
650000084300001062072009500020700103005406008089530000067080000010064009200900310,651327984394851762872649531426798153735416298189532647967183425513264879248975316,46,Easy
504063890208040007060000005001300000085002000026790004910085706000900501000470083,574163892238549617169827435791354268485612379326798154913285746847936521652471983,46,Easy
800030002900008170130295800200051060003000005006904020540070009070003218080600400,864137592925468173137295846298351764413726985756984321541872639679543218382619457,46,Easy
300018009040000210060702000008970006000000340170206005027503061005600980600049050,352418679749365218861792534538974126296851347174236895927583461415627983683149752,46,Easy
600900500508206300403008020100640700040520009050007012839000004000010000210003687,621934578598276341473158926182649735347521869956387412839762154764815293215493687,46,Easy
008030257000701049000920600790046003020800005106003020800102400050070030004060091,918634257562781349347925618795246183423817965186593724839152476651479832274368591,46,Easy
090000002021080945740030008000075001500006370800002609080750090253060400006401000,698514732321687945745239168469375821512896374837142659184753296253968417976421583,46,Easy
076000095500168007100009830000070080320010000905032700000007540039024010604300009,876243195593168427142759836461975382327816954985432761218697543739524618654381279,46,Easy
008004920500030400109068503001002394730009000602000081005720000907400060080500100,378154926526937418149268573851672394734819652692345781465721839917483265283596147,46,Easy
503000020820070604760002091090060100200017043050800007000700006100093800608420050,513946728829175634764382591397264185286517943451839267932758416145693872678421359,46,Easy
000100020960408170705600308020000610037009400400270000093080060540023080100500009,384157926962438175715692348829345617637819452451276893293781564546923781178564239,46,Easy
908100000034020500100000678703500000010090200060074105590400001207006403040850006,978165342634728519152349678723581964415693287869274135596437821287916453341852796,46,Easy
108000000530010602027093800340807150600120408090050000000430920013000000050200076,168542793539718642427693815342867159675129438891354267786435921213976584954281376,46,Easy
009000268528100000600000450100070092040090083703860100000480006300205079072009500,419753268528146937637928451185374692246591783793862145951487326364215879872639514,45,Easy
065004090000518040700000308040000069102006870600082003070000021001950006039020705,865734192923518647714269358348175269152396874697482513576843921281957436439621785,46,Easy
052706004009080710700043805000650983000200600001098000043000069927300050085000400,852716394439582716716943825274651983598237641361498572143875269927364158685129437,45,Easy
004016028900500370003000501012803000630009005500704000040080007209005600075002804,754316928921548376863297541412853769637129485598764132346981257289475613175632894,46,Easy
800039001001604850400780090030250900076000403200070060908000700002805600043010002,867539241391624857425781396134256978576198423289473165958362714712845639643917582,46,Easy
900007800134000270050002461065090000280370000400206590070810950000000084300609010,926147835134568279857932461765491328289375146413286597672814953591723684348659712,45,Easy
000702608240903507005100390007340800430026000090000006600000004100005080328070905,913752648246983517785164392567349821431826759892517436659238174174695283328471965,46,Easy
030120047760000580002000100800030250170860003090400006009046018004780300500003900,938125647761394582452678139846937251175862493293451876329546718614789325587213964,46,Easy
004012390001940000020058004057400030900000065203700800080000000712063400306020510,574612398831947256629358174157486932948231765263795841485179623712563489396824517,46,Easy
003006410100807000264100009008250060047098050500000930900410500830600002002003007,783926415159847326264135879398251764647398251521764938976412583835679142412583697,46,Easy
206501900000830005450097000000060790018004006007100034900780400020600050760023100,286541973179836245453297618542368791318974526697152834931785462824619357765423189,46,Easy
001003007930260100000970260009004005502000310100509480000800020604715900800300040,261453897937268154458971263389124675542687319176539482793846521624715938815392746,46,Easy
500297034003000070000030102008400001300020056070100843840005900065742000100680000,581297634423861579796534182658473291314928756279156843842315967965742318137689425,46,Easy
400002803001708000070639001700190004200003900080054300053000002192007640040000108,469512873321748569578639421735196284214873956986254317853461792192387645647925138,46,Easy
060008320009000070820309410070200008190060052004800030007604090040001500003750160,761548329439126875825379416376215948198463752254897631517684293642931587983752164,46,Easy
000085036302100000090620400053091700007000504948000100010006370700500900084700021,471985236362174859895623417653491782127368594948257163219846375736512948584739621,46,Easy
730002080004100620000054100900203400008470061000605072009000805120300000876090040,731962584584137629692854137967213458258479361413685972349726815125348796876591243,46,Easy
074100695020090748000500000400001020009030000856002104700400289100089560003000070,374128695521396748698547312437851926219634857856972134765413289142789563983265471,46,Easy
300500000008100479071008306502000067040600508106300900700840000090025804004003020,369574281258136479471298356532489167947612538186357942725841693693725814814963725,46,Easy
300915070007040900000003068079401003260000005100800490038090002010037046000206010,386915274527648931491723568879451623264379185153862497638194752912537846745286319,46,Easy
300480009004050007869010030000060251610700900082500060500020400201078000030900810,357486129124359687869217534973864251615732948482591763598123476241678395736945812,46,Easy
050600713000080050146000902009803406003051070700900005300745200078060000400200090,852694713937182654146537982519873426623451879784926135391745268278369541465218397,46,Easy
308000902501200076400003805920400700000001009007065080015070400000812503603009000,368157942591284376472693815926438751854721639137965284215376498749812563683549127,46,Easy
741260005000000900029030040003040090650087034094013007018050023200000071000008600,741269385386475912529831746173642598652987134894513267918756423265394871437128659,46,Easy
007020600004908017153004090005007960200009850090060031000730000060005400030801520,987123645624958317153674298315487962276319854498562731542736189861295473739841526,46,Easy
000456000530000600009080720100042000708100093460003082000710000210504009950600014,872456931531297648649381725193842567728165493465973182384719256216534879957628314,46,Easy
071000000800207506003490007400300010056048320907100608200051070010000900309002800,671583294894217536523496187482369715156748329937125648268951473715834962349672851,46,Easy
010405300005000708940800061000090030067004209020516400800603920253070600000051000,718465392635129748942837561584792136167384259329516487871643925253978614496251873,45,Easy
900200608010000070538000400069073050050001700840009016080900004001687003003150200,974215638216348975538796421169473852352861749847529316785932164421687593693154287,46,Easy
500002310020300007007908056010090060046023780308400000094500000200080540160007900,589762314621354897437918256712895463946123785358476129894531672273689541165247938,46,Easy
300610000050000006100054320008400090000972004640300710021006830430708000706009005,392617458854293176167854329278461593513972684649385712921546837435728961786139245,46,Easy
000300192610520030000007008005700004084030010201069005090000601000902870038014050,857346192619528437423197568365781924984235716271469385592873641146952873738614259,46,Easy
003400107000205040090700200058301090416080003200007080080000056307052008100060902,523498167671235849894716235758321694416589723239647581982174356367952418145863972,46,Easy
980500203070060090000200410200406079030001008640308050000030021007890000503014006,981547263472163895356289417218456379735921648649378152894635721167892534523714986,46,Easy
002000409009007061000032080090600300407510098506009004060001070280406003703200500,872165439359847261641932785198624357427513698536789124964351872285476913713298546,46,Easy
800190370010002504700080092005008000004900630086073009000064001300027040020510800,842195376619732584753486192935648217274951638186273459598364721361827945427519863,46,Easy
009403001050067020004158000003000407090510608100300000065090800740806050008200703,679423581851967324234158976523689417497512638186374295365791842742836159918245763,46,Easy
007050813819007600650400000372100004006030098000704000001609007008200459200000100,427956813819327645653481972372198564146532798985764321531649287768213459294875136,46,Easy
400090073007605900010000504090503801800067250060800400200070000053902700608100002,485291673327645918916738524794523861831467259562819437249376185153982746678154392,46,Easy
692050300000008001050036027206000509040002803005904010000300470004089005108000206,692157384473298651851436927216873549947512863385964712569321478724689135138745296,46,Easy
009005000010900000405203060507000400000006032020341807890107025003080041600520008,769415283312968574485273169537892416148756932926341857894137625253689741671524398,46,Easy
009204010082100300400076095000060000120080400060305829390001000007090050001748006,579234618682159347413876295938462571125987463764315829396521784847693152251748936,46,Easy
169500000308000075070028090502190000000800060000074039040600807800003024917400006,169547283328961475475328691532196748794835162681274539243659817856713924917482356,46,Easy
000001003205000080000859600047090301010070058803204000500007010369005207070640900,786421593295763184431859672647598321912376458853214769524937816369185247178642935,46,Easy
800706090050000360000590081120000456790000000005132000380910007400028009010460002,831746295957281364264593781123879456798654123645132978382915647476328519519467832,46,Easy
900830400108200395060057010001000609000483020207000040040005067023010000005690008,952831476178246395364957812431572689596483721287169543849325167623718954715694238,46,Easy
090083400050600207310200009200450061070000003000010040048006002905004070706039850,692783415854691237317245689283457961471968523569312748148576392935824176726139854,46,Easy
100000070002907068970052000000400005506800041310090700001030804820500030040108609,165384972432917568978652413287461395596873241314295786651739824829546137743128659,46,Easy
000201050200048030061030700709004861000050300304170900900500007003600048028000690,837261459295748136461935782759324861612859374384176925946583217173692548528417693,46,Easy
900006080020009301083470059000321060560090100000000827400260090000800740057003006,975136482624589371183472659748321965562798134319654827431267598296815743857943216,46,Easy
074980060380040002000531700009007284043015070600000000051074003030020006000800190,174982365385746912296531748519367284843215679627498531951674823738129456462853197,46,Easy
830000000010020300005106804056007039307504020180900470200708000000092016900040500,839475261614829357725136894456287139397514628182963475261758943548392716973641582,46,Easy
900003005087090000031620700000406012008970034006052008405130080060000100302005090,924713865687594321531628749793486512258971634146352978475139286869247153312865497,46,Easy
709003000506920100020140005005000300031408070400050026060270908073010250900804000,719583462546927183328146795685792341231468579497351826164275938873619254952834617,45,Easy
008010054000203000617004000190057820400930100703000005060809070005021300920000680,238716954549283716617594238196457823452938167783162495361849572875621349924375681,46,Easy
000760250100908700036000400040000000070085309302401086059027010410800007000004830,984763251125948763736512498548639172671285349392471586859327614413856927267194835,46,Easy
307080105500300200109002070005008790710400800690023000860004007003015008004090060,327986145546371289189542673435168792712459836698723514861234957973615428254897361,46,Easy
000009063428000010090087504102075009700060080034020005381000050900008702006304000,517249863428536917693187524162875349759463281834921675381792456945618732276354198,46,Easy
094530000100406200003070800005908070769020010080600004012005006000003450500801703,894532167157486239623179845435918672769324518281657394312745986978263451546891723,46,Easy
030806004017094002500720690300000040008073200096000051800005006251000008400910700,932856174617394582584721693325169847148573269796482351879235416251647938463918725,46,Easy
040500080090070003008020700030608100507001090060300842400083205000010609920705010,742536981691874523358129764234698157587241396169357842416983275875412639923765418,46,Easy
503000780670090004001005090709002800080006310014080000042730150030408200950060000,593624781678193524421875693769312845285946317314587962842739156136458279957261438,46,Easy
950018340400030020080050609032690501005720000100000470007000006608500190000002038,956218347471936825283457619732694581845721963169385472317849256628573194594162738,46,Easy
005187004008040006007300090024900630100000870090075040040006200609250000580034001,965187324238549716417362598724918635156423879893675142341896257679251483582734961,46,Easy
020090060006000738304016090503207400001980300860100007000503210009840000057020000,725398164916452738384716592593267481471985326862134957648573219239841675157629843,46,Easy
800520006600401008043600075200000800090000410000312057700005029910008030506204000,879523146625471398143689275251947863397856412468312957784135629912768534536294781,46,Easy
040023106200009000830100500009035070100060400023410008080600709050000004601270850,945723186216589347837146592469835271178962435523417968384651729752398614691274853,46,Easy
500300269007008034160490005802003000630005407000000010040000700706120080050980602,584371269927658134163492875812743956639815427475269318248536791796124583351987642,46,Easy
007000000140520608036904200080003970075060803000000010013002004004070080020056391,257638149149527638836914257681243975475169823392785416513892764964371582728456391,46,Easy
700260080005001927000003004680045001027308500030000079400010603800904050900052000,741269385365481927298573164689745231127398546534126879452817693816934752973652418,46,Easy
576001840083000002000097060801043000000500613060700500009105028200370050040002700,576231849983456172124897365851643297497528613362719584739165428218374956645982731,46,Easy
400820030053060801017400960030510008900006700004902610070003400000200000690007025,469821537253769841817435962736514298921386754584972613172653489345298176698147325,46,Easy
701506040000040260040090307009680015000210400008007002300061000670820009195003000,721536948953748261846192357239684715567219483418357692382961574674825139195473826,46,Easy
070253800400109032090400561200630100701005000005000023000874600610000008900000045,176253894458169732392487561249638157731925486865741923523874619614592378987316245,46,Easy
275000160600090000049000072460028530300007400091036087000574900080001040000200600,275843169613792854849615372467928531328157496591436287136574928982361745754289613,46,Easy
090100603200038019300400200005600301080007000006020074603051900802740000070200450,598172643264538719317496285725684391489317562136925874643851927852749136971263458,46,Easy
300006019204000087610200300100092040025800006000107900080503402030008060509400700,358746219294315687617289354173692845925834176846157923781563492432978561569421738,46,Easy
004026700089040020000090801012007003000400096030580400091300250007608000500009307,154826739789143625263795841412967583875432196936581472691374258327658914548219367,47,Medium
064510920000000007701400008407002080390001076680003100008320050050608042000000009,864517923539286417721439568417962385395841276682753194978324651153698742246175839,47,Medium
380006750005003002040901000930210004006005108700800039010542000800000010004070603,389426751165783942247951386938217564426395178751864239613542897872639415594178623,47,Medium
200640900681000000000708250009020017400005300500106008750430620030000000040592070,275643981681259734394718256869324517417985362523176498758431629932867145146592873,47,Medium
058300070100690040930070200070010005893006001000423008000060012019005030086004000,658342179127698543934571286472819365893756421561423798345967812719285634286134957,47,Medium
040008050005000271630207009400093006020000140750000008002100300960700000100640597,247918653895364271631257489418593726329876145756421938572189364964735812183642597,47,Medium
003014600004820091002090750760000402008300015010500000000206000020000107497058003,953714628674825391182693754765981432248367915319542876831276549526439187497158263,47,Medium
005027100060810004040000820080160705300980016500003000030604200704300090001090007,895427163263819574147536829489162735372985416516743982938674251724351698651298347,47,Medium
090007400403000080026039010708053060002000900030180740000018054000200006005670390,591867423473521689826439517748953162152746938639182745967318254314295876285674391,47,Medium
000046001900020403004780050100000780080953000005000060057008106039004020021600907,572346891968521473314789652193462785786953214245817369457298136639174528821635947,47,Medium
000070912080965003700001000024309080079000065005000340030610020100030700507002800,456873912281965473793241658624359187379184265815726349938617524142538796567492831,47,Medium
130040706000000080026009400000508003009476020507003100000600040008237609060190002,135842796974361285826759431642518973319476528587923164291685347458237619763194852,47,Medium
071023000003600009240890000600140008000062501095000000000301207030450800008076305,971523684853614729246897153627145938384962571195738462569381247732459816418276395,47,Medium
007508009246071800090030000001600700070090460000380050039062008100009340405000007,317548629246971835598236174951624783873195462624387951739462518182759346465813297,47,Medium
130005209047000005000327000090500640006800103723060000089000010000006502570094800,138645279247918365965327481891532647456879123723461958689253714314786592572194836,47,Medium
070180005040007820009052300800031200260890400105000008710020060000000937050604000,372189645541367829689452371894731256267895413135246798718923564426518937953674182,47,Medium
000010600397000005200583900008450006060000081001009720100730009074000050950206100,845917632397624815216583947728451396469372581531869724182735469674198253953246178,47,Medium
000070169800000300506100040003054901001203007705000600090010502000306804320098000,432875169819642375576139248263754981981263457745981623698417532157326894324598716,47,Medium
730004980960000020008002100004010509200095070009700016400300802180026003007050000,732164985961587324548932167674218539213695478859743216496371852185426793327859641,47,Medium
000039020207065900003080016036451009090000408075000000040006502009007600508340000,614739825287165943953284716836451279192673458475928361741896532329517684568342197,47,Medium
000060080095000006000109402300700500509032064810900070006340800020005731907080000,241563987795428316683179452362714598579832164814956273156347829428695731937281645,47,Medium
400510000050630009000008004028000570701020036030060080070091200064300798502000100,486519327257634819319278654628943571741825936935167482873491265164352798592786143,47,Medium
947006010020000860000073290003400005100600480006925300000809730000040000805301002,947286513321594867568173294793418625152637489486925371214859736639742158875361942,47,Medium
001540230007100006420009080000094600083050010040700005600820597100003000008060043,861547239397182456425639781512394678783256914946718325634821597159473862278965143,47,Medium
005680004000107020697030800030015060800400570001020090052000000106002340003096002,215689734348157926697234815734915268829463571561728493952341687186572349473896152,47,Medium
460012000090000000000760840000000004084035210105980030009203150010500903070800026,468312795297458361351769842936127584784635219125984637649273158812546973573891426,47,Medium
064003200100209700590048001000375002000600104803000000410000608306420057009050000,764513289138269745592748361641375892957682134823194576415937628386421957279856413,47,Medium
081730000030061047200005190040010520005000006800072000650900008372040060900003200,481739652539261847267485193743816529125394786896572431654927318372148965918653274,47,Medium
000740200300005071064008309050800703209600840030001090000070006905000024082190000,591743268328965471764218359456829713219637845837451692143572986975386124682194537,47,Medium
500060070900032000100800009201540008008007200004009631302700465065100080000004003,543961872987432516126875349231546798698317254754289631312798465465123987879654123,47,Medium
740090380502301009000040200005000006800507020300064790000086010130000070097020540,746295381582371469913648257475912836869537124321864795254786913138459672697123548,47,Medium
890001200072500430100600000007054018006702090300060500200000073019000040005987060,893471256672598431154623789927354618586712394341869527268145973719236845435987162,47,Medium
020609750017430600080100320005018006001700240390000080004307009070020500006050000,423689751517432698689175324745218936861793245392546187254367819178924563936851472,47,Medium
000490062650800043700006010040120008900050000017000390005040200308001057000075901,831497562659812743724536819543129678986753124217684395175948236398261457462375981,47,Medium
000700090002006381001040702080510003543002000009470060060000804004080907017090005,358721496472956381691348752786519243543862179129473568965137824234685917817294635,47,Medium
040100050080004107007050063350200008806035249009001000000007020002600901930008004,643179852285364197197852463354296718816735249729481536468917325572643981931528674,47,Medium
080016000500040203017350406074800300000907820600000005060402009030680500102000070,483216957596748213217359486974825361351967824628134795865472139739681542142593678,47,Medium
050706901008020040730089060000000004009200057002314000000500806400090310160073020,254736981698125743731489562816957234349268157572314698923541876487692315165873429,47,Medium
008007600000310952200600001003800000049730180010050007002040018900200005674005030,198527643467318952235694871723861594549732186816459327352946718981273465674185239,47,Medium
029800300480006000301059007040065030070900005100037604000010502800700000206048009,529871346487326951361459827942165738673984215158237694794613582815792463236548179,47,Medium
690004008000003067047605100310006050000580000082900000200040910061208043730100000,693714528125893467847625139319476852476582391582931674258347916961258743734169285,47,Medium
004500700800006000096270500100402073603108240000030008000809000005760004020045109,214583796857916432396274581189452673673198245542637918461829357935761824728345169,47,Medium
580320009000000412070100005350000000208406030014002506000690800020700003607080904,581324679963578412472169385356917248298456731714832596145693827829745163637281954,47,Medium
070200900030950008290804035820510064306000001400000020000000000005008170080473059,578231946634957218291864735827519364356742891419386527763195482945628173182473659,47,Medium
060000302302790400508000010900470006076050040020006803083001207004800005100309000,769184352312795468548632719931478526876253941425916873683541297294867135157329684,47,Medium
010020095004906730002740800000580016090300200640000007860100000009070180300050079,716823495584916732932745861273584916195367248648291357867139524459672183321458679,47,Medium
020309700800005400905740080001000306502900170030002090007206001400010030006038050,124389765873625419965741283791854326542963178638172594357296841489517632216438957,47,Medium
040075830250000097000480006000040100706503004080692000070800003005300019001060250,649275831258136497317489526593748162726513984184692375972851643865324719431967258,47,Medium
080700020001003000030514070005100009406080700010095032209400100670000003000270958,584769321761823594932514876325147689496382715817695432259438167678951243143276958,47,Medium
000900008070306029040020010083000140001702300502140090030850000907000600100400953,216974538875316429349528716783695142491782365562143897634859271957231684128467953,47,Medium
870006500300001020405308700280060045007090000060200130000400069904005800031070200,872946513396751428415328796283167945147593682569284137758412369924635871631879254,47,Medium
000075309210803000500140806020097004408300500700400002000608070030000600062050490,684275319219863745573149826326597184498312567751486932945638271137924658862751493,47,Medium
090080703700106000501200008860057040104000900000430020007369500050000009620005107,296584713783196254541273698862957341134628975975431826417369582358712469629845137,47,Medium
060001007070500800201380006410063200007010043900000008020070905506002700040908001,869421357374596812251387496415863279687219543932745168128674935596132784743958621,47,Medium
063000510400000290509803000008340176000900002040057000090578000010000947206100300,763429518481765293529813764958342176637981452142657839394578621815236947276194385,47,Medium
002100806607200000030004100700480301003059470006010500500000090029806700000075043,452197836617238954938564127795482361183659472246713589574321698329846715861975243,47,Medium
002500000800000067309401200007840010105070602630000090090010304200609800008230050,462587139851392467379461285927846513185973642634125798596718324243659871718234956,47,Medium
070000500639700080100640002040020098001580700020001300003069200060430019085000004,274198563639752481158643972547326198391584726826971345413869257762435819985217634,47,Medium
630000000900004318005002007104900000000046502020380090507000200281050043040078600,638791425972564318415832967154927836893146572726385194567413289281659743349278651,47,Medium
003000005280064007010007948605903070040000030090050002100206000002010486000839001,473198625289564317516327948625983174841672539397451862158246793932715486764839251,47,Medium
095376001070000000004005830018720096000018000030000020200084709100230000407900052,895376241371842965624195837518723496942618573736459128263584719159237684487961352,47,Medium
000720090600508100045000020500201000809006037074090600020080910306007800901040005,138724596692538174745169328563271489819456237274893651427685913356917842981342765,47,Medium
607120005000009080032405670020300908093640100000072040071800204000000000056000730,687123495415769382932485671724351968593648127168972543371896254249537816856214739,47,Medium
000005600000400972720030001240010306080700200050960000502004008069007534300800100,491275683635481972728639451247518396986743215153962847512394768869127534374856129,47,Medium
001020005680000000040009370960400010750080203000063400200300540030170080897005600,371624895689537124542819376963452718754981263128763459216398547435176982897245631,47,Medium
304700900900042301060300000020090000400508002176030500095010008002080106003605700,384761925957842361261359847528196473439578612176234589695417238742983156813625794,47,Medium
304070100068009000020800400700010050905020730603008002000002070001530069409087005,394275186168349527527861493742913658985426731613758942856192374271534869439687215,47,Medium
062500000904020830800040000007305004009082005300067091000010960400003500178006020,762538149954721836831649752217395684649182375385467291523814967496273518178956423,47,Medium
030910500000007000812000903700508304096200050008000062100685040000074000050309708,437912586965837421812456973721568394396241857548793162173685249289174635654329718,47,Medium
000825090300900027940000000060107500724030060000060038170009204005200100080040306,617825493358914627942673815863197542724538961591462738176359284435286179289741356,47,Medium
200007063007630890030180500400050200106809000090001400843900071000000050950060002,284597163517632894639184527478356219126849735395271486843925671762413958951768342,47,Medium
809000506007580001003007000040052100052073980006010000095400000300026090670100038,829341576467589321513267849748952163152673984936814752295438617381726495674195238,47,Medium
090000420000301807705009006500070630826030001040005009002000040908067050071020003,193786425264351897785249316519872634826934571347615289652193748938467152471528963,47,Medium
206010080400003005500040167000200008103090050952070001070000834040805209000730000,296517483417683925538942167764251398183496752952378641675129834341865279829734516,47,Medium
200410800005002009060950700003080072902007410051000060008620100000000004407031250,279416835815372649364958721643189572982567413751243968538624197126795384497831256,47,Medium
850034002210500900090100074030800140000007006065200030970010805000059000001620007,857934612214576983693182574732865149189347256465291738976413825328759461541628397,47,Medium
000004005709002310000001872002800007380060000904305100010043920030090080206070040,128734695759682314643951872562819437381467259974325168817543926435296781296178543,47,Medium
100098000870400032005000140020000059000280407310709086060001000290006500000907604,142398765876415932935672148728164359659283417314759286467521893293846571581937624,47,Medium
007040506600702009083005004800900200500020070009014083005083100010650090400001007,127849536654732819983165724831976245546328971279514683795483162312657498468291357,47,Medium
602000090039040850570001030000300206001005400460000070200030040380016009904780001,642853197139647852578291634895374216721965483463128975216539748387416529954782361,47,Medium
010650240006001503070940008000200600100300905020008001860504309300009410002007000,918653247246781593573942168739215684184376925625498731861524379357869412492137856,47,Medium
034600001700300060009025074000004007063080090580010400000160208840003000100078506,234697851758341962619825374921534687463782195587916423375169248846253719192478536,47,Medium
400109000206003500009080417704801002982047003350000000000700095000604030000020608,478159326216473589539286417764831952982547163351962874643718295825694731197325648,47,Medium
600004930007820000000001002340700105080095206005040009508000000020053807470009601,612574938937826514854931762349762185781395246265148379598617423126453897473289651,47,Medium
805000000063859000027000030704032500510700060600180409000010020080006351000940600,845327196163859742927461835794632518518794263632185479376518924489276351251943687,47,Medium
007000080901032005050700206263400100010000570000820030502087900800519403000006000,627154389981632745354798216263475198418963572795821634542387961876519423139246857,47,Medium
700450863000002000080060901008073002415090000000801600309700080160000045002005307,721459863936182574584367921698573412415296738273841659359724186167938245842615397,47,Medium
100600030800000705020190604000039000670825090200400578003000020704300001560081000,147658239896243715325197684458739162671825493239416578913574826784362951562981347,47,Medium
020090370360820000071054008005061702010408690009000800090210000780600930000000400,528196374364827159971354268835961742217438695649572813496213587782645931153789426,47,Medium
160004028007005490000360700209000603000870000308000501013400800000032904520906000,165794328837215496492368715279541683651873249348629571913457862786132954524986137,47,Medium
600051400000700200017000096800000509300046000070030008059400107080092350031005082,628951473943768215517324896864217539395846721172539648259483167786192354431675982,47,Medium
060030200000200708003859060047060905029507400000004001738400600001002090000180007,864731259915246738273859164147368925329517486586924371738495612451672893692183547,47,Medium
002084300807500012001090050020410060010003704500060800060908003003000590740020100,652184379897536412431792658328417965916853724574269831165978243283641597749325186,47,Medium
030042901000005020084700300009200603010030005007090480190600207056004000020108060,635842971971365824284719356549287613812436795367591482198653247756924138423178569,47,Medium
019000000050310870207406009104005000000920030030807560800002100600080723000560004,319278645456319872287456319174635298568921437932847561843792156695184723721563984,47,Medium
960025800008010400004300702700050003240600007005001609010000050080090104073046020,967425831328917465154368792796854213241639587835271649419782356682593174573146928,47,Medium
010300607086500094409008000108709056300002978040050020070040000003960200200003000,512394687786521394439678512128739456365412978947856123671245839853967241294183765,47,Medium
062810040059003000810020000070200005000059608000347290700062800103000004640700009,362815947459673182817924356971286435234159678586347291795462813123598764648731529,47,Medium
006900203072080500001060409000190326000500000138700040867340050090007000400002800,546971283972483561381265479754198326629534718138726945867349152295817634413652897,47,Medium
040810060010007208002095730906000400000050002058003010025030906000070100084600075,347812569519367248862495731976281453431756892258943617725134986693578124184629375,47,Medium
200890007007500060350001042098005006600000420510030700001004098000610000004027300,246893517187542963359761842498275136673189425512436789721354698935618274864927351,48,Hard
000370500046000007009805014058040300010007609020900080070050902200000140300106008,182374596546219837739865214958642371413587629627931485871453962265798143394126758,48,Hard
700510026095060700801003004000026040000000367970000005050002000309040008600308910,734519826295864731861273594583726149412985367976431285158692473329147658647358912,48,Hard
809002000010480090003005700500800060204070310007049050002960000136000008040730500,879312645615487293423695781591823467284576319367149852752968134136254978948731526,48,Hard
125007030000000601409050008283500010000010270040306009800200000000004390500691040,125867934378942651469153728283579416956418273741326589894235167612784395537691842,48,Hard
030019205500800006700420090009380104058700300061000900000903740080054000600000020,834619275592837416716425893279386154458791362361542987125963748987254631643178529,48,Hard
180009007074006010000870005050900300807002000690300200200560048500004901003008060,185439627974256813326871495452917386837642159691385274219563748568724931743198562,48,Hard
700003950050000108000640020072160030980302004006400007030080409061900000509020000,724813956653297148198645723472169835985372614316458297237581469861934572549726381,48,Hard
401700500902340006060098000090060470000082300520001009000030107800000640040800025,431726598982345716765198234198563472674982351523471869259634187817259643346817925,48,Hard
150064007000010040032807000080000090304006500076020001540092600700003904000100078,159364827867219345432857169285431796314976582976528431548792613721683954693145278,48,Hard
000006305000900068100780000094070000070053026060210800040001752500302000908000403,489126375752934168136785294294678531871453926365219847643891752517342689928567413,48,Hard
001000460020040007700209800000805006450073000002064701900010020003080900607090035,591738462328641597764259813179825346456173289832964751945317628213586974687492135,48,Hard
035080090700000100006243000470000002029010087003005900082600300090071005600400810,235187496748596123916243758471968532529314687863725941182659374394871265657432819,48,Hard
900020000036007508008000970090100042010570000300006001500632800200850063000049010,957428136436917528128365974795183642612574389384296751541632897279851463863749215,48,Hard
060000041000000800023085090400120003071048560209030000000000039940700206500604700,865279341794361825123485697456127983371948562289536174617852439948713256532694718,48,Hard
035000297078000610602093040060025000000009380500847000020016004004030000000008920,435681297978254613612793548861325479247169385593847162729516834184932756356478921,48,Hard
008000200350002608700059030006400801020070000410260007540100080000604509000007340,198346275354712698762859134976435821825971463413268957549123786237684519681597342,48,Hard
005010403030005102008409050309060007000078020600004008200000065004900200950106070,795612483436785192128439756389261547541378629672594318217843965864957231953126874,48,Hard
070090042030082000000100670200467800500800130009000006090640000401003009026050013,178596342634782951952134678213467895567829134849315726395641287481273569726958413,48,Hard
504960070700024300036700000900407105000010000370008209000500408600090000009301702,524963871798124356136785924962437185485219637371658249213576498647892513859341762,48,Hard
086900200007050104100030080700401009238000000010027805040000051000605030902070600,586914273327856194194732586765481329238569417419327865643298751871645932952173648,48,Hard
000107003500020009000053261020006000600014780080090530097400000301089040806000020,962147853513628479478953261725836194639514782184792536297465318351289647846371925,48,Hard
090503000700096405004080002000800037130000000206070004040035200005710940908002100,892543761713296485564187392459821637137654829286379514641935278325718946978462153,48,Hard
020001007100800590030940800809300750007002600006005034000004180500000063003108009,928561347174823596635947821849316752357492618216785934792634185581279463463158279,48,Hard
005009037902000600000010084700390010850004060600807000230040095019005000060070403,185469237942783651376512984724396518853124769691857342237648195419235876568971423,48,Hard
045030092000000006390007500000300608230070005850090204004080103100650000082910000,645831792721549386398267541419325678236478915857196234964782153173654829582913467,48,Hard
009043002704605000000200905286900401030001000000500086510002079900700508008000100,859143762724695813361278945286937451435861297197524386513482679942716538678359124,48,Hard
005900000067501080000064300050007009000080061301009204004003020806010090910270050,135928647467531982298764315652147839749382561381659274574893126826415793913276458,48,Hard
100009800009001562650230100038000007500740000400000026004800700000600038023107009,142569873389471562657238194238916457596742381471385926964823715715694238823157649,48,Hard
002086000057000004000500300040795006060240080915008000000032019396100200800000740,132486597657913824489527361248795136763241985915368472574832619396174258821659743,48,Hard
000052000609710024040600100900000000075000802004803600037004090280590001001026070,813452967659718324742639185968245713375961842124873659537184296286597431491326578,48,Hard
580000060009005201010304080000090016430060708700000500005400129063201000004870000,582917364349685271617324985258793416431562798796148532875436129963251847124879653,48,Hard
004006209005903000080070601030745000200000170000008060041630800009204005070590300,714856239625913487983472651136745928258369174497128563541637892369284715872591346,48,Hard
036000750090045000800000309013082400000100086000754000700008520005900810002073004,436891752297345168851267349913682475574139286628754931769418523345926817182573694,48,Hard
300090004087000009000627300000402803035010206900006000140008070090540010068900002,316895724287134569459627381671452893835719246924386157143268975792543618568971432,48,Hard
600029080000030501275100060008402000000780340900006000001060708040000015327050600,613529487489637521275148963738492156162785349954316872591264738846973215327851694,48,Hard
402070508700900020300000010010640000085300002630052070000005300879001006000708049,462173598751984623398526714217649835985317462634852971146295387879431256523768149,48,Hard
600080523000004900927100600860070000051200030400500709108000046003009070000040802,614987523385624917927135684869473251751296438432518769198752346243869175576341892,48,Hard
090180000030070208200006050045920003006005000008010740000000467070809031100450020,594182376631574298287396154745928613316745982928613745859231467472869531163457829,48,Hard
070003180502009700630800004050037940008905201000400070000710809010020050400000006,974653182582149763631872594156237948748965231293481675365714829819326457427598316,48,Hard
050006034001025006007340000830700450000009200562010090000000700086003109905400020,258176934341925876697348512839762451174539268562814397423691785786253149915487623,48,Hard
056000701080706509000300082107002008000004000305000170600020395401600000002987000,956248731283716549714395682147532968869174253325869174678421395491653827532987416,48,Hard
400008903005740001006009052200010708890520060001004000023000805000061090170300000,412658973935742681786139452254916738897523164361874529623497815548261397179385246,48,Hard
500083001300760800600000023005009080080402016002070540070605902940000000000018070,597283461324761895618594723465139287789452316132876549871645932946327158253918674,48,Hard
004035009600094001030100800023009400800000007100570020500002010080006003092740058,214835769678294531935167842723619485856423197149578326567382914481956273392741658,48,Hard
005078600023001009809000510050000102002003700900560040000600030030710460001020980,145978623623451879879236514356847192482193756917562348794685231238719465561324987,48,Hard
810907050030006007400500800092600180000080403600001720000420000083100290504000030,816947352235816947479532816392674185157289463648351729961423578783165294524798631,48,Hard
106450800000300004207901500000014097000209600503007010700600205905020043008000000,136452879859376124247981536682514397471239658593867412714693285965128743328745961,48,Hard
300001708080090064500026000001305002200000907050980600040200093016007200803050000,369541728182793564574826319691375842238614957457982631745268193916437285823159476,48,Hard
032905007005071006090800040000080000710060300463002508006304102980000000000150700,632945817845271936197836245259483671718569324463712598576394182981627453324158769,48,Hard
070000040040216035030900608004050081107800000000021007500040000008300900093705062,671538249849216735235974618924657381157893426386421597562149873718362954493785162,48,Hard
001907006700030820008046050009001785000094000500600003600052001080000094320400060,251987436746135829938246157469321785873594612512678943694852371185763294327419568,48,Hard
003008210809004630000015070500900700680000093900170002400050001060000820070201400,753698214819724635246315978521983746687542193934176582492857361165439827378261459,48,Hard
102008009500170208006500400000050071604200000900360800003000726081030500000924000,172648359549173268836592417328459671614287935957361842493815726281736594765924183,48,Hard
050000600024710090070030401910240003030060000007000208005004009006005820000198750,351489672824716395679532481918247563532861947467953218785624139196375824243198756,48,Hard
460003900700408000002090005300509710804600000000100002070900300500060208231047600,465213987793458126182796435326589714814672593957134862678925341549361278231847659,48,Hard
806000090000780300071002400008100234500090000037206080009050620010000009002600817,846513792295784361371962458968175234524398176137246985789451623613827549452639817,48,Hard
010309050005060007037040060050680030400520009208000000000400170004801005300706280,612379458945168327837245961159684732463527819278913546586492173724831695391756284,48,Hard
000010350000208096004090000150040800806701904300600700080520070700034100902007000,298416357513278496674395281157943862826751934349682715481529673765834129932167548,48,Hard
403700210006402000050098007090100050107089060000020800004000900062050083000036075,483765219976412538251398647698143752127589364345627891534871926762954183819236475,48,Hard
840090103000000090700020604190008065070010430600502009500000000032640050008300072,846795123321864597759123684193478265275916438684532719517289346932647851468351972,48,Hard
050040009030007000000901408800302000009008070600000501306100820091805006002403097,158246739934587612267931458875312964419658273623794581346179825791825346582463197,48,Hard
076008400020030001040009570008305069900081005000200140084060300200040016005007000,376158492529734681841629573418375269962481735753296148184962357297543816635817924,48,Hard
002801037060005001800096200020400305907130000048009070003200010009078000000000846,592841637764325981831796254126487395957132468348569172683254719419678523275913846,48,Hard
005400290004921708000000106548000000060700000090260530150030407000097020003080001,815476293634921758927853146548319672362745819791268534159632487486197325273584961,48,Hard
009008700000600250080027904000086070042000003050370100870405090034000500021009006,269548731417693258385127964193286475742951683658374129876415392934862517521739846,48,Hard
200004031090802050450060070300026980680000300007400000039000600000519040701080002,276954831193872456458361279315726984684195327927438165539247618862519743741683592,48,Hard
005800000017904000200070693003010087708002010900007504000450900006001050400230008,695823741317964825284175693543619287768542319921387564172458936836791452459236178,48,Hard
009300002080659040706000503010047900600800200307000010000008007002516080500090104,159374862283659741746182593815247936694831275327965418931428657472516389568793124,48,Hard
570080300000005090080620047602001000040300089000057023201006400004000075007503006,579184362426735891183629547632891754745362189918457623251976438364218975897543216,48,Hard
060950013010000706308000000907006420000300600050004078190670040400013900200800005,764958213519432786328761594937586421841327659652194378193675842485213967276849135,48,Hard
000084010210000080609000403000071205000509060078000000007065009100900638903200704,735684912214793586689152473396871245421539867578426391847365129152947638963218754,48,Hard
075300900036005004040000020000900318063007050500802040401290086000600000090081002,275348961936125874148769523724956318863417259519832647451293786382674195697581432,48,Hard
000970060026010000030500800071450620300000009050006701000041500700008302690200078,148973265526814937937562814871459623362187459459326781283741596715698342694235178,48,Hard
100900740002006503090040080705000000004170960060003002027090408800605010503000600,158932746472816593396547281785269134234178965961453872627391458849625317513784629,48,Hard
030704001007200038086050400098301005000060080741000009300190700000040500210000096,932784651457216938186953472698371245523469187741825369365198724879642513214537896,48,Hard
086203090002840007000000500004500000290000870700012603007400006120056080605090100,586273491912845367473169528364587219291634875758912643837421956129356784645798132,48,Hard
031705090500041800009000000000090680070102430650007000002300000397206500860400001,431785296526941873789623154213594687978162435654837912142358769397216548865479321,48,Hard
002704060400200009019050003081000000020009510600003807170040005003060021004508070,532794168468231759719856243981475632327689514645123897176342985853967421294518376,48,Hard
007002950600407003508630100000073040090000701000500398000700005840090020002816000,437182956619457283528639174186973542395248761274561398963724815841395627752816439,48,Hard
001080090400053800000609407106098040003410020005060030070032900850000006009500200,261784593497153862538629417126398745783415629945267138674832951852941376319576284,48,Hard
700350860410900300005040700082000103531700090000006000000809041006400200070020058,729351864418967325365248719682594173531782496947136582253879641896415237174623958,48,Hard
008004005000000379700913400003248050050009706410070000000006032260300000901500080,398764215146852379725913468673248951852139746419675823587496132264381597931527684,48,Hard
260803005409602080000700000056200403003009002000010057510008020008006009097400100,261843975479652381835791264156287493743569812982314657514938726328176549697425138,48,Hard
000230180308054000010000400090000650030010720240603890020709060680000007900000510,459237186368154279712896435197482653836915724245673891521749368683521947974368512,48,Hard
046020090001006700020980043059200000000070051280000030004000008600503927300710004,846327195931456782725981643159234876463879251287165439574692318618543927392718564,48,Hard
010040000026008003008320095030090420002006700040017008500160070007900030090084001,315649287926578143478321695731895426852436719649217358584163972167952834293784561,48,Hard
615040900000500001009072080000096402200701050978400003083000200040003100000680700,615348927827569341439172586351896472264731859978425613583917264746253198192684735,48,Hard
900000300200001054057009206070240009100087500006005080610004000008320701004500002,961452378283761954457839216875243169149687523326195487612974835598326741734518692,48,Hard
070010450006807300100005097050004026807900104003700500080126000094000001300000800,279613458546897312138245697951384726867952134423761589785126943694538271312479865,48,Hard
504680002071000806000003950000008617003405090206000000095076020302040080000030001,534689172971254836628713954459328617713465298286197345195876423362541789847932561,48,Hard
801006000009050038000740902930820701700034200065000000040100800006000047080009350,821396574479251638653748912934825761718634295265917483547163829396582147182479356,48,Hard
780120900030006002150400000640900023070065008000207010800092040003010560000004007,786123954934856172152479836645981723271365498398247615867592341423718569519634287,48,Hard
030000017800906402001750000400080050680402001093000000100030900560807040074005600,936248517857916432241753869412389756685472391793561284128634975569827143374195628,48,Hard
520007810030040000704000500080006127490500080016080040008300096050102000000970300,529637814831245769764819532385496127497521683216783945178354296953162478642978351,48,Hard
001400050062000103900200870504082900070090000306000008025010039100006400800750002,781439256462578193953261874514382967278695341396147528625814739137926485849753612,48,Hard
800200009320460007004079000060300000005010240000087901400102008100005030002798050,876253419329461587514879326961324875785916243243587961457132698198645732632798154,48,Hard
100000000000200081563090004000104200009080300420906005708600530001008406090305070,182467953974253681563891724835174269619582347427936815748619532351728496296345178,48,Hard
004089300001607000020403095102570008600098700800300401400020006906000803050000000,564289317391657284728413695132574968645198732879362451483921576916745823257836149,48,Hard
003950140000020007001084200900008010780301060062040000309000500050000306046009870,623957148498123657571684239934268715785391462162745983319876524857412396246539871,48,Hard
094030600000200810000010005002050040840090000060807053010063000509021070300700094,194538627653274819278619435732156948845392761961847253417963582589421376326785194,49,Extreme
200305047650400000008120000000004500041000096705096200092007030300002450000600070,219365847653478129478129365926714583841253796735896214192547638367982451584631972,49,Extreme
502907000000400090030065008100800060003009047080003009400370000901046200068200500,542987631816432795739165428197854362253619847684723159425378916971546283368291574,49,Extreme
650000000019030427000900010008300006095040200706809300007008060400020908000000503,654271839819635427273984615148352796395746281726819354537498162461523978982167543,50,Extreme
301800700006531009094060500003006475000009200000085006020000000019400023000070180,351894762276531849894267531983126475567349218142785396428613957719458623635972184,49,Extreme
000600700267180040000009030050400002709036000401205080008070010300000900145000203,983654721267183549514729836856417392729836154431295687698372415372541968145968273,49,Extreme
500080091300904005002060370100040703030700810056008002600020400980530000000007000,547283691361974285892165374128649753439752816756318942675821439984536127213497568,49,Extreme
000000020908601000006400087080300170001002835050090060200870490000004300004069002,543987621978621543126435987482356179691742835357198264215873496769214358834569712,49,Extreme
000080076100523000090006010500300460406702500000000008703105904004009120008000003,345981276167523849892476315579318462486792531231654798723165984654839127918247653,49,Extreme
800200059400001000300509180003010862000047000005300097070000046910002000002078005,861234759459781623327569184743915862296847531185326497578193246914652378632478915,49,Extreme
051040800006100040000876090200000500018200430409010607003000000700695200090403000,951342876876159342342876195267934581518267439439518627623781954784695213195423768,49,Extreme
008020410000500706716004000007000680000901023500046000900780045020009107005000300,358627419249518736716394852197235684684971523532846971961783245823459167475162398,49,Extreme
070000080005007102603150040000090003342600800080005071500080029700004600000913000,471239586895467132623158947157892463342671895986345271514786329739524618268913754,49,Extreme
710593400000080000200007803302000050000016070460020009096100500540009600007000038,718593462634281795259467813372948156985316274461725389896132547543879621127654938,49,Extreme
300000017050900820090001406040502030200000000000703098400326005100050600700400082,324685917651974823897231456948562731273198564516743298489326175132857649765419382,49,Extreme
090600300004070020850120090000000006040810705080054210001000840000709100305000067,192645378634978521857123694513297486249816735786354219971562843468739152325481967,49,Extreme
020013040500200090030080607900050060812000000000702003040071000760030058308605000,627913845584267391139584627973158462812346579456792183245871936761439258398625714,49,Extreme
200534000560000040000096080380720100104080900070000063000040096005072000003008210,218534679569817342437296581386729154154683927972451863821345796695172438743968215,49,Extreme
809000360006720000740003010060409500000510600010000092080050004002600705307804000,829145367136728459745963218263489571978512643514376892681257934492631785357894126,49,Extreme
160002080003000090200140056605000017009800040000596200850200400000401003001070800,167952384543768192298143756685324917329817645714596238856239471972481563431675829,49,Extreme
040006108001080069080030005000850036960001000002090740000004010006270500237009000,345926178721485369689137425174852936963741852852693741598364217416278593237519684,49,Extreme
060008401094000000002400700006004300017069820500030010000200680030097002080003590,763928451194375268852416739926184375317569824548732916479251683635897142281643597,49,Extreme
007860040523007000080930100000013408054090060070000002190520300000600094600000800,917862543523147689486935127269713458354298761871456932198524376735681294642379815,49,Extreme
051030600009280070007400009082000540400000300000709806700306908065000000300000405,251937684649285173837461259982613547476528391513749826724356918165894732398172465,50,Extreme
001407060207000800000801509380602700005700000702090300900510030000006004060003028,891457263257369841436821579389642715615738492742195386928514637173286954564973128,49,Extreme
000100095010763020803090070120000004059081030000000600700004019500600002408502000,276148395915763428843295176127356984659481237384927651762834519531679842498512763,49,Extreme
090020000020003607870500040100700085005300270060090403002000000430106700018000039,394627851521483697876519342143762985985341276267895413752938164439156728618274539,49,Extreme
700000000835004009001860400004200900600001053070600020009087001020000075100430806,746319582835724619291865437514273968682941753973658124369587241428196375157432896,49,Extreme
000000600239000080068530104000050018400002000080306070005100900007820360310704000,154278693239641785768539124693457218471982536582316479825163947947825361316794852,49,Extreme
500004037090600100104072500750010200000000008043905000080020041000360900300508070,526194837897653124134872569758416293961237458243985716685729341472361985319548672,49,Extreme
872049060600000000004073001009080000700200085001500004000032400467000030205010908,872149563613825749954673821529384617746291385381567294198732456467958132235416978,49,Extreme
206000100000003040403908007602700010000000508750010006100670900005040003800030420,286457139579163842413928657692785314341296578758314296134672985925841763867539421,50,Extreme
450900000302400001000086030700190052000752000000000800100500060070023504200017083,456931728382475691917286435764198352893752146521364879138549267679823514245617983,49,Extreme
070020903080610000205009100000503009008000074310700006009074050600802000401050700,176425983983617245245389167762543819598261374314798526839174652657832491421956738,49,Extreme
007209060000085300900006000000030710020164050089020400370000005006051080208000970,837219564612485397945376128564938712723164859189527436371892645496751283258643971,49,Extreme
070400200002000090105060080060900030024580000000037608040800967038020005906010000,673498251482175396195362784867941532324586179519237648241853967738629415956714823,49,Extreme
308027100062800009010005004096000400700002085000603000100000000070059301050040297,348927156562814739917365824296581473731492685485673912129736548874259361653148297,49,Extreme
000400503901000400030070000503000904800060007600019080009002058207080301000641090,726498513981253476435176829513827964892564137674319285149732658267985341358641792,49,Extreme
700200080000000904640001030003805040000100897070406001904020070816703000000000508,731249685582367914649581732193875246465132897278496351954628173816753429327914568,49,Extreme
800590003006830940040001000350200070007163005009000080000905700200700169004000020,872594613516832947943671852351289476487163295629457381168925734235748169794316528,49,Extreme
020080000501007600048300500000040058000162340290050007476008000080001023000490000,629584731531927684748316592163749258857162349294853167476238915985671423312495876,49,Extreme
000609100100000072054002030090300020610080504020940007000500086305870010049000000,782639145136458972954712638497365821613287594528941367271593486365874219849126753,49,Extreme
060310872000040001700000005030095000020080407600000980040000010508001209012076030,465319872283547691791268345834795126129683457657124983346952718578431269912876534,49,Extreme
000030640000705200930012000820107000000000052070090180100600035205004006069080007,752938641418765293936412578824157369691843752573296184147629835285374916369581427,49,Extreme
890004600020010053506030000001000000050600870248090030000048500760200001000300409,893574612427816953516932748671483295359621874248795136932148567764259381185367429,50,Extreme
500100000004906007203005140036002008010007650000008070000403206058000930002060010,597124863184936527263785149736512498819347652425698371971453286658271934342869715,49,Extreme
006071020050000097100098034703200850090000000041630000300064000080700040600000912,936471528458326197127598634763249851295187463841635279312964785589712346674853912,49,Extreme
070030260000000009050200347043006050000720610100058090800109005500080100006004030,479835261321647589658291347743916852985723614162458793837169425594382176216574938,49,Extreme
090400500008060000406502037000009080300000001007301069070080100083700095001240600,792438516538167942416592837125679384369824751847351269674985123283716495951243678,49,Extreme
009008060040000000007006531010050008704002000830040102300900200026807090500300080,159238467643571829287496531912753648764182953835649172378965214426817395591324786,50,Extreme
005802000304090006090000170800039740010000005009074002050008904020050600600027080,175862439384791256296345178862539741417286395539174862753618924928453617641927583,49,Extreme
700060403093010062008009000020090001609204080000600050000370016507000000180005700,751862493493517862268439175825793641619254387374681259942378516537146928186925734,50,Extreme
008400003600280704400503069862940000001300000000071050910000480000090600030006002,198467523653289714427513869862945371571328946349671258916732485285194637734856192,49,Extreme
010230009406070085000080700080007002002350100065900040390060010000004208000010607,817235469426179385539486721183647952942358176765921843398762514671594238254813697,49,Extreme
801070030600400008050001700104050200729600510000090000030500462072800000000004090,841276935697435128253981746164753289729648513385192674938517462472869351516324897,50,Extreme
200600005080703060004081030013204800000007400509000701600090300058400019000800002,237649185185723964964581237713254896826917453549368721672195348358472619491836572,49,Extreme
920017000008000036051408009004020500570600000100900000060240053093000720000030408,926317845748592136351468279684123597579684312132975684867241953493856721215739468,49,Extreme
000307064020098037000500100804005000109670008730100400400000900006900015080020600,598317264621498537347562189864235791159674328732189456413856972276943815985721643,49,Extreme
409500080000902030500007002060470890700300000000008506007006001905030700680001420,429513687876942135531687942162475893758369214394128576247896351915234768683751429,49,Extreme
300007000078360000502090007096000150000200080047001200001904620005800013009025000,364517892978362541512498367296783154153249786847651239781934625425876913639125478,49,Extreme
000010048706020000300704000095003100080609002604100089002040060007000590450008030,529316748746825913318794625295483176183679452674152389932547861867231594451968237,49,Extreme
180090073000060508904300020000700000020030106000045830039108200007004000062050004,186592473273461598954387621348716952725839146691245837439178265517624389862953714,49,Extreme
506000040009000520040007301201900070700006014090030208000860190008000006103020005,576312849319648527842597361281954673735286914694731258457863192928175436163429785,49,Extreme
008601500000030207002800003100768000729000000500000034004070090060395008000204150,378621549615439287492857613143768925729543861586912734854176392261395478937284156,49,Extreme
208340900050108047030006200086000030000000054104700000362070080000203001090060500,218347965659128347437956218586419732973682154124735896362571489845293671791864523,49,Extreme
073510900050007001480000200000000040247105060518090000000903502009604070030080000,673512984952847631481369257396728145247135869518496723864973512129654378735281496,49,Extreme
090008010170400002000507600508709020000260700030084005413000009200000080600300540,395628417176493852824517693568739124941265738732184965413856279257941386689372541,49,Extreme
000900040073000560800035701000100007524090080090060250002740000150008900306010000,215976348473281569869435721638152497524397186791864253982743615157628934346519872,49,Extreme
003298000007000600000006034500602070071005000040010280639700008000000012810043090,463298157187354629925176834598632471271485963346917285639721548754869312812543796,49,Extreme
000760000007000380495100000100050270040020005300809000280047050036580100000006920,823764591617295384495138762168453279749621835352879416281947653936582147574316928,49,Extreme
604908000000051002032000800700540000800009634023000900000000127590780000006104008,654928713987351462132467859769543281815279634423816975348695127591782346276134598,49,Extreme
091600005400000200700803400106027000320004810000900030000250740007010506005000089,891642375463175298752893461186327954329564817574981632618259743937418526245736189,49,Extreme
057093480400500060002000000930001020004087631600200009003056700090040000810000050,157693482489572163362814975938461527524987631671235849243156798795348216816729354,49,Extreme
103420000680950000002000196000607200700000013340000809000082000030504060970003005,193426587687951342452378196819637254725849613346215879564782931231594768978163425,49,Extreme
600210500700460083050009000000300102802001007090500040007004001008007630501800090,684213579719465283253789416475398162832641957196572348367954821948127635521836794,49,Extreme
690400005002016030007000800000040623103090400040008090500109000000037904200500087,698473215452816739317952846985741623123695478746328591574189362861237954239564187,49,Extreme
301062400020008000007501008064070150090000072200036900016800007000904300000050009,381762495529348761647591238864279153193485672275136984916823547758914326432657819,49,Extreme
006739400084060000270000010020600970400058000900002035000097008013000040005180600,156739482384261597279845316528613974437958261961472835642397158813526749795184623,49,Extreme
006190030040305010080600079000528900079000000004000062000006850300204001705003600,526197438947385216183642579631528947279461385854739162412976853368254791795813624,49,Extreme
003094006200170800005000020620803040000900703080450100100000000040700390090060250,873294516264175839915638427627813945451926783389457162132549678546782391798361254,50,Extreme
000008000310000864067200305006830001080150000009004600205090040000507002930010700,594368217312975864867241395426839571783156429159724683275693148641587932938412756,49,Extreme
000000030001072060250010904013090025720500300600000700089005040000023010070040609,467859132931472568258316974813697425724581396695234781189765243546923817372148659,49,Extreme
020010000405907000081040260038750102900002040000006003200000907000301500076080004,329618475465927831781543269638754192957132648142896753213465987894371526576289314,49,Extreme
000007210027040800350000069900078000240500100001002003070804000500030900080905602,896357214127649835354281769935178426248563197761492583679824351512736948483915672,49,Extreme
000900100700060040600018050068251000009070000020400300083007205015024007000000089,852943176791562843634718952368251794149376528527489361483697215915824637276135489,50,Extreme
090540300000001907204070080600008020305000700000709506002400800100000064047630009,798546312536281947214973685679358421325164798481729536962415873153897264847632159,49,Extreme
502700000009004000670001200804090600005208030023600170000082007300000506000130904,542763891139824765678951243814397652765218439923645178496582317381479526257136984,49,Extreme
254007600008000030010600580009008002005003010803052409000000100006490008070000063,254837691698514237317629584149768352725943816863152479982376145536491728471285963,50,Extreme
025049008060700000034081500008090270040100050000063040600205019000030007007006080,125349768869752134734681592318594276946127853572863941683275419451938627297416385,49,Extreme
700000209496070000000001043080095000075204010230080600500003002001000800900746005,713458269496372581852961743184695327675234918239187654567813492341529876928746135,49,Extreme
500976380740005000000200010810400002006003070200000090400100500090080006007534028,521976384748315269639248715813497652956823471274651893482169537395782146167534928,49,Extreme
050697000400800060000300271001703005070009084205000000010054390380100000000008607,152697843437812569968345271841763925673529184295481736716254398389176452524938617,49,Extreme
058090000200000401790000056000865000040000087106000039800070000020400370910350204,458196723263587491791243856379865142542931687186724539834672915625419378917358264,49,Extreme
000090000430000082600280910200405001086000004501070060920053700004000090107000208,812396457439517682675284913293465871786931524541872369928153746364728195157649238,49,Extreme
589000000002005310070260008210709450006802000400000000000470061703501840090000000,589317624642985317371264598218739456956842173437156289825473961763591842194628735,49,Extreme
700608019000040052240050006001030040396700000000500100100209370073000080850100000,735628419619347852248951736521836947396714528487592163164289375973465281852173694,49,Extreme
008000013060000009070631000790503008002000054103068000040080700036017940000005020,528794613361852479479631582794523168682179354153468297245986731836217945917345826,49,Extreme
302000060700840000000061530600510803108020000000700900040608170006000004050007029,312975468765843291489261537627519843198324756534786912243698175976152384851437629,50,Extreme
809007006000205000076980000902008000400030001001006305000350240008090073014002600,829147536143265987576983412932518764465739821781426395697351248258694173314872659,49,Extreme
030000200090805034100009800500308010000270000809601700003000601000506070201740090,438167259697825134125439867572398416316274985849651723753982641984516372261743598,49,Extreme
